Workbook

Sheet README
A1: betterwaste.co.uk — New Keyword Opportunities
A3: Date | B3: 1 October 2026
A4: Market | B4: UK
A5: Data source | B5: Semrush UK database — search volume, Keyword Difficulty, search intent, current rankings, and the Authority Score of every ranking competitor. CPC is not included.
A6: Ahrefs use | B6: Page existence and HTTP status only (the environment cannot reach betterwaste.co.uk directly). No Ahrefs metric appears in this workbook.
A8: TABS
A9: Opportunities | B9: 133 NEW keywords only. Nothing from your existing KW/URL mapping sheet is repeated here — the three that overlapped (commercial waste collection london / manchester / birmingham) were removed.
A10: Page Summary | B10: One row per target page, with live formulas counting keywords and summing volume from Master Plan.
A11: Fix List | B11: 15 technical and mapping fixes found during the audit.
A12: Page Inventory | B12: What actually exists on the site, including pages previously assumed missing.
A14: DIFFICULTY GRADING
A15: Benchmark | B15: Better Waste is Semrush Authority Score 20. The test: how many sites at AS 25 or below — at or below Better Waste — currently rank in the top 10?
A16: EASY | B16: 3+ ranking sites at AS 25 or below, and fewer than 4 council/gov slots. Reachable on content quality.
A17: MEDIUM | B17: 1–2 at AS 25 or below, or lowest AS is 26–30 with fewer than 4 council/gov slots. Needs a strong page plus links.
A18: HARD | B18: Nothing at AS 25 or below, or 4+ council/gov slots. Defer until authority improves.
A19: AVOID | B19: SERP intent is not a commercial waste service (household, council or retail intent). Do not target.
A21: EVIDENCE
A22: Coverage | B22: All 104 recommendations are graded: 36 from a direct SERP + Authority Score check, 68 inherited from a directly-checked keyword on the same SERP (the Evidence column names which).
A23: Gap check | B23: Competitor gap passes against thefirstmile.co.uk, businesswaste.co.uk, divert.co.uk and recorra.co.uk added 42 keywords in seven clusters with no prior coverage: pest/bin hygiene, abbreviated bin specs, skips, legislation/news, compliance, shredding/data destruction and other streams.
A24: Exclusions | B24: Every keyword in your existing sheet is excluded, including token-identical variants (e.g. "mixed dry recycling" was dropped because your sheet has "dry mixed recycling"). Four were removed on that basis.
A25: Rejected on checking | B25: Six candidates were checked and rejected rather than added as opportunities: food waste caddy and waste compactor and baler machine (retail/equipment SERPs), fridge freezer disposal and fridge removal (household), and house clearance (residential). medical waste collection and weee waste were added but graded AVOID/HARD so the decision is visible rather than silent.
A27: KNOWN LIMITATION
A28: Formulas | B28: The Keywords, Total SV and Already Ranking columns on Page Summary are live COUNTIF/SUMIF formulas. They show no value until Excel opens and recalculates the file — that is expected. Best Position is a static snapshot of current Semrush rankings, not a formula.
A29: Not verified | B29: The Manchester / London / Birmingham city URLs return 301 while the "-old" equivalents return 200. Confirm where those redirects point before acting — see the Fix List.

Sheet Opportunities
A1: Market | B1: Type | C1: Cluster | D1: Page | E1: Page Status | F1: Keyword | G1: Intent | H1: SV (Semrush UK) | I1: KD | J1: Current Position | K1: Current Ranking URL | L1: Difficulty | M1: Evidence (Authority Score) | N1: Priority | O1: Notes
A2: UK | B2: Gap vs competitors | C2: G - Skips | D2: https://betterwaste.co.uk/commercial-skip-hire/ | E2: CREATE | F2: skip sizes uk | G2: Informational | H2: 2900 | I2: 9 | L2: EASY | M2: AS 24 (tomwhitewaste), 12 (budgetskipsdirect), 12 (enterprise-skiphire), 11 (thewastemonkeys) - four sub-25 sites. CHECK SERVICE FIT: does Better Waste offer skips? | N2: P2 | O2: CHECK SERVICE FIT before building
A3: UK | B3: Gap vs competitors | C3: G - Other streams | D3: https://betterwaste.co.uk/office-waste-management/ | E3: OPTIMISE | F3: office clearance | G3: Commercial | H3: 2400 | I3: 14 | L3: EASY | M3: inherited from "office waste management": stale SERP: half the top 10 are http:// URLs, one is a US state agency; AS 24 at or below Better Waste (AS 20); 1 council/gov slots | N3: P1 | O3: thefirstmile.co.uk ranks p3
A4: UK | B4: Gap vs competitors | C4: G - Skips | D4: https://betterwaste.co.uk/commercial-skip-hire/ | E4: CREATE | F4: dimensions of skips | G4: Informational | H4: 1900 | I4: 9 | L4: EASY | M4: inherited from "skip sizes uk": AS 24 (tomwhitewaste), 12 (budgetskipsdirect), 12 (enterprise-skiphire), 11 (thewastemonkeys) - four sub-25 sites. CHECK SERVICE FIT: does Better Waste offer skips? | N4: P2 | O4: CHECK SERVICE FIT
A5: UK | B5: Gap vs competitors | C5: G - Other streams | D5: https://betterwaste.co.uk/it-equipment-disposal/ | E5: CREATE | F5: digital waste | G5: Informational | H5: 1900 | I5: 22 | L5: EASY | M5: inherited from "it equipment disposal": AS 8, 19, 19, 20, 20 at or below Better Waste (AS 20) | N5: P3 | O5: thefirstmile.co.uk ranks p3
A6: UK | B6: Gap vs competitors | C6: G - Bin specs (abbreviated) | D6: https://betterwaste.co.uk/bins/240l-bin/ | E6: OPTIMISE | F6: 240 litre wheelie bin | G6: Informational + Transactional | H6: 1600 | I6: 8 | L6: EASY | M6: inherited from "1100l bin": AS 13 (wheeliebinwarehouse), 12 (sgmwastemanagement), 22 (bins.co.uk) at or below Better Waste - and the /bins/1100l-bin/ page already exists | N6: P1 | O6: Page already exists; businesswaste ranks p9 | This is the form to target on this page (distinct SERP from the spelled-out variant).
A7: UK | B7: Waste Type | C7: B - Missing streams | D7: https://betterwaste.co.uk/sanitary-waste/ | E7: CREATE | F7: sanitary waste disposal | G7: Informational | H7: 1300 | I7: 10 | L7: EASY | M7: inherited from "sanitary waste collection": AS 9, 9, 13, 21 at or below Better Waste (AS 20) | N7: P1 | O7: BEST ROI - lowest KD highest value. businesswaste p3
A8: UK | B8: Waste Type | C8: B - Missing streams | D8: https://betterwaste.co.uk/sanitary-waste/ | E8: CREATE | F8: sanitary waste collection | G8: Commercial | H8: 1300 | I8: 17 | L8: EASY | M8: AS 9, 9, 13, 21 at or below Better Waste (AS 20) | N8: P1 | O8: businesswaste.co.uk p4
A9: UK | B9: Gap vs competitors | C9: G - Skips | D9: https://betterwaste.co.uk/commercial-skip-hire/ | E9: CREATE | F9: commercial skip hire | G9: Commercial | H9: 1300 | I9: 11 | L9: EASY | M9: inherited from "skip sizes uk": AS 24 (tomwhitewaste), 12 (budgetskipsdirect), 12 (enterprise-skiphire), 11 (thewastemonkeys) - four sub-25 sites. CHECK SERVICE FIT: does Better Waste offer skips? | N9: P2 | O9: CHECK SERVICE FIT
A10: UK | B10: Gap vs competitors | C10: G - Skips | D10: https://betterwaste.co.uk/commercial-skip-hire/ | E10: CREATE | F10: skip dimensions uk | G10: Informational | H10: 1300 | I10: 11 | L10: EASY | M10: inherited from "skip sizes uk": AS 24 (tomwhitewaste), 12 (budgetskipsdirect), 12 (enterprise-skiphire), 11 (thewastemonkeys) - four sub-25 sites. CHECK SERVICE FIT: does Better Waste offer skips? | N10: P3 | O10: CHECK SERVICE FIT
A11: UK | B11: Gap vs competitors | C11: G - Shredding & data | D11: https://betterwaste.co.uk/confidential-waste/ | E11: CREATE | F11: document shredding | G11: Commercial | H11: 1300 | I11: 25 | L11: EASY | M11: simply-shredding AS 16 and doxbond AS 10 both rank, alongside homeshreduk, shredstation, sdsecureshredding and goshred - the same small-operator set as confidential waste collection | N11: P1 | O11: Small shredders dominate; Restore AS 37 is the only large player
A12: UK | B12: Waste Type | C12: B - Missing streams | D12: https://betterwaste.co.uk/confidential-waste/ | E12: CREATE | F12: confidential waste collection | G12: Commercial | H12: 1000 | I12: 13 | L12: EASY | M12: AS 6, 9, 10, 16 at or below Better Waste (AS 20) | N12: P1 | O12: Very low KD
A13: UK | B13: Waste Type | C13: B - Missing streams | D13: https://betterwaste.co.uk/confidential-waste/ | E13: CREATE | F13: confidential shredding | G13: Commercial | H13: 1000 | I13: 16 | L13: EASY | M13: inherited from "confidential waste collection": AS 6, 9, 10, 16 at or below Better Waste (AS 20) | N13: P1
A14: UK | B14: Gap vs competitors | C14: G - Bin specs (abbreviated) | D14: https://betterwaste.co.uk/bins/1100l-bin/ | E14: OPTIMISE | F14: 1100l wheelie bin | G14: Informational | H14: 1000 | I14: 12 | L14: EASY | M14: inherited from "1100l bin": AS 13 (wheeliebinwarehouse), 12 (sgmwastemanagement), 22 (bins.co.uk) at or below Better Waste - and the /bins/1100l-bin/ page already exists | N14: P1 | O14: Page already exists; businesswaste ranks p5 | This is the form to target on this page (distinct SERP from the spelled-out variant).
A15: UK | B15: Gap vs competitors | C15: G - Bin specs (abbreviated) | D15: https://betterwaste.co.uk/binpedia/ | E15: OPTIMISE | F15: wheelie bin sizes | G15: Informational | H15: 1000 | I15: 10 | L15: EASY | M15: inherited from "1100l bin": AS 13 (wheeliebinwarehouse), 12 (sgmwastemanagement), 22 (bins.co.uk) at or below Better Waste - and the /bins/1100l-bin/ page already exists | N15: P1 | O15: businesswaste ranks p8 | This is the form to target on this page (distinct SERP from the spelled-out variant).
A16: UK | B16: Gap vs competitors | C16: G - Other streams | D16: https://betterwaste.co.uk/paper-and-cardboard-waste/ | E16: OPTIMISE | F16: cardboard recycling collection | G16: Commercial | H16: 1000 | I16: 10 | L16: EASY | M16: inherited from "business cardboard recycling": AS 16, 18, 20 at or below Better Waste (AS 20) | N16: P2 | O16: Map to paper/cardboard page; thefirstmile ranks p2
A17: UK | B17: Gap vs competitors | C17: G - Other streams | D17: https://betterwaste.co.uk/paper-and-cardboard-waste/ | E17: OPTIMISE | F17: paper recycling | G17: Commercial | H17: 1000 | I17: 19 | L17: EASY | M17: inherited from "business cardboard recycling": AS 16, 18, 20 at or below Better Waste (AS 20) | N17: P2 | O17: thefirstmile.co.uk ranks p5
A18: UK | B18: Gap vs competitors | C18: G - Other streams | D18: https://betterwaste.co.uk/dry-mixed-recycling-waste/ | E18: OPTIMISE | F18: soft plastic recycling | G18: Informational | H18: 1000 | I18: 18 | L18: EASY | M18: inherited from "business cardboard recycling": AS 16, 18, 20 at or below Better Waste (AS 20) | N18: P3 | O18: thefirstmile.co.uk ranks p3
A19: UK | B19: Gap vs competitors | C19: G - Bin specs (abbreviated) | D19: https://betterwaste.co.uk/bins/660l-bin/ | E19: OPTIMISE | F19: 660l bin | G19: Informational | H19: 880 | I19: 9 | L19: EASY | M19: inherited from "1100l bin": AS 13 (wheeliebinwarehouse), 12 (sgmwastemanagement), 22 (bins.co.uk) at or below Better Waste - and the /bins/1100l-bin/ page already exists | N19: P1 | O19: Page already exists; businesswaste ranks p4 | This is the form to target on this page (distinct SERP from the spelled-out variant).
A20: UK | B20: Gap vs competitors | C20: G - Bin specs (abbreviated) | D20: https://betterwaste.co.uk/bins/660l-bin/ | E20: OPTIMISE | F20: 660 litre wheelie bin | G20: Informational | H20: 880 | I20: 6 | L20: EASY | M20: inherited from "1100l bin": AS 13 (wheeliebinwarehouse), 12 (sgmwastemanagement), 22 (bins.co.uk) at or below Better Waste - and the /bins/1100l-bin/ page already exists | N20: P1 | O20: Page already exists; businesswaste ranks p6 | This is the form to target on this page (distinct SERP from the spelled-out variant).
A21: UK | B21: Gap vs competitors | C21: G - Bin specs (abbreviated) | D21: https://betterwaste.co.uk/bins/1100l-bin/ | E21: OPTIMISE | F21: 1100l bin | G21: Informational | H21: 880 | I21: 11 | L21: EASY | M21: AS 13 (wheeliebinwarehouse), 12 (sgmwastemanagement), 22 (bins.co.uk) at or below Better Waste - and the /bins/1100l-bin/ page already exists | N21: P1 | O21: Page already exists; businesswaste ranks p4 | This is the form to target on this page (distinct SERP from the spelled-out variant).
A22: UK | B22: Gap vs competitors | C22: G - Shredding & data | D22: https://betterwaste.co.uk/confidential-waste/ | E22: CREATE | F22: secure data destruction | G22: Informational | H22: 880 | I22: 9 | L22: EASY | M22: inherited from "document shredding": simply-shredding AS 16 and doxbond AS 10 both rank, alongside homeshreduk, shredstation, sdsecureshredding and goshred - the same small-operator set as confidential waste collection | N22: P1 | O22: recorra ranks p6. KD 9
A23: UK | B23: Gap vs competitors | C23: G - Other streams | D23: https://betterwaste.co.uk/paper-and-cardboard-waste/ | E23: OPTIMISE | F23: commercial cardboard recycling | G23: Commercial | H23: 880 | I23: 16 | L23: EASY | M23: inherited from "business cardboard recycling": AS 16, 18, 20 at or below Better Waste (AS 20) | N23: P2 | O23: recorra.co.uk ranks p8
A24: UK | B24: Gap vs competitors | C24: G - Bin specs (abbreviated) | D24: https://betterwaste.co.uk/bins/360l-bin/ | E24: OPTIMISE | F24: 360l bin | G24: Commercial | H24: 720 | I24: 9 | L24: EASY | M24: inherited from "1100l bin": AS 13 (wheeliebinwarehouse), 12 (sgmwastemanagement), 22 (bins.co.uk) at or below Better Waste - and the /bins/1100l-bin/ page already exists | N24: P2 | O24: Page already exists; businesswaste ranks p4 | This is the form to target on this page (distinct SERP from the spelled-out variant).
A25: UK | B25: Gap vs competitors | C25: G - Skips | D25: https://betterwaste.co.uk/commercial-skip-hire/ | E25: CREATE | F25: 2 yard skip size | G25: Informational | H25: 720 | I25: 8 | L25: EASY | M25: inherited from "skip sizes uk": AS 24 (tomwhitewaste), 12 (budgetskipsdirect), 12 (enterprise-skiphire), 11 (thewastemonkeys) - four sub-25 sites. CHECK SERVICE FIT: does Better Waste offer skips? | N25: P3 | O25: CHECK SERVICE FIT
A26: UK | B26: Gap vs competitors | C26: G - Shredding & data | D26: https://betterwaste.co.uk/confidential-waste/ | E26: CREATE | F26: hard drive destruction | G26: Transactional | H26: 720 | I26: 9 | L26: EASY | M26: inherited from "document shredding": simply-shredding AS 16 and doxbond AS 10 both rank, alongside homeshreduk, shredstation, sdsecureshredding and goshred - the same small-operator set as confidential waste collection | N26: P1 | O26: Transactional intent, KD 9
A27: UK | B27: Waste Type | C27: B - Missing streams | D27: https://betterwaste.co.uk/it-equipment-disposal/ | E27: CREATE | F27: it equipment disposal | G27: Commercial | H27: 590 | I27: 37 | L27: EASY | M27: AS 8, 19, 19, 20, 20 at or below Better Waste (AS 20) | N27: P3
A28: UK | B28: Gap vs competitors | C28: G - Shredding & data | D28: https://betterwaste.co.uk/confidential-waste/ | E28: CREATE | F28: shredding service | G28: Commercial | H28: 590 | I28: 20 | L28: EASY | M28: inherited from "document shredding": simply-shredding AS 16 and doxbond AS 10 both rank, alongside homeshreduk, shredstation, sdsecureshredding and goshred - the same small-operator set as confidential waste collection | N28: P2
A29: UK | B29: Service | C29: A - Core commercial | D29: https://betterwaste.co.uk/office-waste-management/ | E29: OPTIMISE | F29: office waste collection | G29: Commercial | H29: 390 | I29: 34 | J29: 65 | K29: https://betterwaste.co.uk/areas-we-cover/ | L29: EASY | M29: inherited from "office waste management": stale SERP: half the top 10 are http:// URLs, one is a US state agency; AS 24 at or below Better Waste (AS 20); 1 council/gov slots | N29: P2
A30: UK | B30: Waste Type | C30: B - Missing streams | D30: https://betterwaste.co.uk/wood-waste/ | E30: CREATE | F30: wood waste collection | G30: Commercial | H30: 390 | I30: 9 | L30: EASY | M30: AS 9, 11, 18, 22 at or below Better Waste (AS 20) | N30: P2 | O30: Very low KD
A31: UK | B31: Sector | C31: E - New sectors | D31: https://betterwaste.co.uk/office-waste-management/ | E31: OPTIMISE | F31: office waste management | G31: Commercial | H31: 390 | I31: 13 | L31: EASY | M31: stale SERP: half the top 10 are http:// URLs, one is a US state agency; AS 24 at or below Better Waste (AS 20); 1 council/gov slots | N31: P1
A32: UK | B32: Waste Type | C32: Sheet gap | D32: https://betterwaste.co.uk/paper-and-cardboard-waste/ | E32: OPTIMISE | F32: business cardboard recycling | G32: Informational | H32: 390 | I32: 16 | J32: 63 | K32: https://betterwaste.co.uk/paper-and-cardboard-waste/ | L32: EASY | M32: AS 16, 18, 20 at or below Better Waste (AS 20) | N32: P2 | O32: Not in sheet. Currently p63
A33: UK | B33: Waste Type | C33: B - Missing streams | D33: https://betterwaste.co.uk/cooking-oil-collection/ | E33: CREATE | F33: used cooking oil collection | G33: Commercial | H33: 320 | I33: 15 | L33: EASY | M33: AS 2, 6, 7, 19, 19 at or below Better Waste (AS 20) | N33: P3 | O33: Pairs with existing food waste pages
A34: UK | B34: Gap vs competitors | C34: G - Shredding & data | D34: https://betterwaste.co.uk/confidential-waste/ | E34: CREATE | F34: commercial shredding | G34: Commercial | H34: 320 | I34: 14 | L34: EASY | M34: inherited from "document shredding": simply-shredding AS 16 and doxbond AS 10 both rank, alongside homeshreduk, shredstation, sdsecureshredding and goshred - the same small-operator set as confidential waste collection | N34: P2
A35: UK | B35: Waste Type | C35: B - Missing streams | D35: https://betterwaste.co.uk/metal-waste/ | E35: CREATE | F35: metal waste collection | G35: Commercial | H35: 260 | I35: 24 | L35: EASY | M35: AS 9, 11, 15, 17, 20 at or below Better Waste (AS 20) - five scrap merchants. CHECK SERVICE MODEL: these sites buy scrap, they do not sell collection | N35: P3
A36: UK | B36: Sector | C36: E - New sectors | D36: https://betterwaste.co.uk/retail-waste-management/ | E36: OPTIMISE | F36: retail waste management | G36: Informational | H36: 260 | I36: 17 | J36: 45 | K36: https://betterwaste.co.uk/retail-waste-management/ | L36: EASY | M36: inherited from "office waste management": stale SERP: half the top 10 are http:// URLs, one is a US state agency; AS 24 at or below Better Waste (AS 20); 1 council/gov slots | N36: P2
A37: UK | B37: Sector | C37: E - New sectors | D37: https://betterwaste.co.uk/butchers-waste-collection/ | E37: CREATE | F37: butchers waste collection | G37: Informational + Transactional | H37: 260 | I37: 7 | L37: EASY | M37: AS 10, 10, 24 at or below Better Waste (AS 20); 1 council/gov slots | N37: P1 | O37: wastemanaged.co.uk p4. Lowest KD in cluster
A38: UK | B38: Sector | C38: E - Existing push | D38: https://betterwaste.co.uk/hair-salon-waste-management/ | E38: OPTIMISE | F38: salon waste management | G38: Informational | H38: 260 | I38: 6 | J38: 21 | K38: https://betterwaste.co.uk/hair-salon-waste-management/ | L38: EASY | M38: inherited from "butchers waste collection": AS 10, 10, 24 at or below Better Waste (AS 20); 1 council/gov slots | N38: P1 | O38: Currently p21
A39: UK | B39: Location | C39: F - Locations | D39: https://betterwaste.co.uk/areas-we-cover/leeds/ | E39: OPTIMISE | F39: commercial waste collection leeds | G39: Commercial | H39: 260 | I39: 17 | L39: EASY | M39: AS 13, 21, 21, 24, 25 at or below Better Waste (AS 20); 2 council/gov slots | N39: P1
A40: UK | B40: Location | C40: F - Locations | D40: https://betterwaste.co.uk/areas-we-cover/liverpool/ | E40: CREATE | F40: commercial waste collection liverpool | G40: Commercial | H40: 260 | I40: 18 | L40: EASY | M40: inherited from "commercial waste collection leeds": AS 13, 21, 21, 24, 25 at or below Better Waste (AS 20); 2 council/gov slots | N40: P1 | O40: No page exists
A41: UK | B41: Waste Type | C41: Sheet gap | D41: https://betterwaste.co.uk/paper-and-cardboard-waste/ | E41: OPTIMISE | F41: commercial paper recycling | G41: Informational | H41: 260 | I41: 16 | J41: 73 | K41: https://betterwaste.co.uk/paper-and-cardboard-waste/ | L41: EASY | M41: inherited from "business cardboard recycling": AS 16, 18, 20 at or below Better Waste (AS 20) | N41: P2 | O41: Not in sheet. Currently p73
A42: UK | B42: Sector | C42: E - Existing push | D42: https://betterwaste.co.uk/cafe-waste-management/ | E42: OPTIMISE | F42: cafe waste collection | G42: Informational | H42: 210 | I42: 9 | J42: 19 | K42: https://betterwaste.co.uk/cafe-waste-management/ | L42: EASY | M42: inherited from "butchers waste collection": AS 10, 10, 24 at or below Better Waste (AS 20); 1 council/gov slots | N42: P1 | O42: Currently p19
A43: UK | B43: Sector | C43: E - Existing push | D43: https://betterwaste.co.uk/cafe-waste-management/ | E43: OPTIMISE | F43: cafe waste management | G43: Informational | H43: 210 | I43: 10 | J43: 22 | K43: https://betterwaste.co.uk/cafe-waste-management/ | L43: EASY | M43: inherited from "butchers waste collection": AS 10, 10, 24 at or below Better Waste (AS 20); 1 council/gov slots | N43: P1 | O43: Currently p22
A44: UK | B44: Sector | C44: E - Existing push | D44: https://betterwaste.co.uk/bakery-waste-management/ | E44: OPTIMISE | F44: bakery waste management | G44: Informational | H44: 210 | I44: 18 | J44: 25 | K44: https://betterwaste.co.uk/bakery-waste-management/ | L44: EASY | M44: inherited from "butchers waste collection": AS 10, 10, 24 at or below Better Waste (AS 20); 1 council/gov slots | N44: P2 | O44: Currently p25
A45: UK | B45: Waste Type | C45: Sheet gap | D45: https://betterwaste.co.uk/paper-and-cardboard-waste/ | E45: OPTIMISE | F45: commercial cardboard collection | G45: Commercial | H45: 210 | I45: 18 | J45: 36 | K45: https://betterwaste.co.uk/paper-and-cardboard-waste/ | L45: EASY | M45: inherited from "business cardboard recycling": AS 16, 18, 20 at or below Better Waste (AS 20) | N45: P2 | O45: Not in sheet. Currently p36
A46: UK | B46: Sector | C46: E - Existing push | D46: https://betterwaste.co.uk/restaurant-waste-management/ | E46: OPTIMISE | F46: restaurant waste disposal | G46: Informational | H46: 170 | I46: 12 | J46: 27 | K46: https://betterwaste.co.uk/restaurant-waste-management/ | L46: EASY | M46: inherited from "butchers waste collection": AS 10, 10, 24 at or below Better Waste (AS 20); 1 council/gov slots | N46: P1 | O46: Currently p27
A47: UK | B47: Sector | C47: E - Existing push | D47: https://betterwaste.co.uk/takeaway-waste-management/ | E47: OPTIMISE | F47: takeaway waste collection | G47: Informational | H47: 170 | I47: 8 | J47: 15 | K47: https://betterwaste.co.uk/takeaway-waste-management/ | L47: EASY | M47: inherited from "butchers waste collection": AS 10, 10, 24 at or below Better Waste (AS 20); 1 council/gov slots | N47: P1 | O47: Currently p15
A48: UK | B48: Sector | C48: E - Existing push | D48: https://betterwaste.co.uk/pub-waste-management/ | E48: OPTIMISE | F48: pub waste management | G48: Informational | H48: 140 | I48: 9 | J48: 13 | K48: https://betterwaste.co.uk/pub-waste-management/ | L48: EASY | M48: inherited from "butchers waste collection": AS 10, 10, 24 at or below Better Waste (AS 20); 1 council/gov slots | N48: P1 | O48: Currently p13
A49: UK | B49: Sector | C49: E - Existing push | D49: https://betterwaste.co.uk/restaurant-waste-management/ | E49: OPTIMISE | F49: restaurant waste collection | G49: Informational | H49: 140 | I49: 9 | J49: 26 | K49: https://betterwaste.co.uk/restaurant-waste-management/ | L49: EASY | M49: inherited from "butchers waste collection": AS 10, 10, 24 at or below Better Waste (AS 20); 1 council/gov slots | N49: P1 | O49: Currently p26
A50: UK | B50: Waste Type | C50: Sheet gap | D50: https://betterwaste.co.uk/paper-and-cardboard-waste/ | E50: OPTIMISE | F50: cardboard recycling for businesses | G50: Informational | H50: 140 | I50: 15 | J50: 63 | K50: https://betterwaste.co.uk/paper-and-cardboard-waste/ | L50: EASY | M50: inherited from "business cardboard recycling": AS 16, 18, 20 at or below Better Waste (AS 20) | N50: P3 | O50: Not in sheet. Currently p63
A51: UK | B51: Sector | C51: E - Existing push | D51: https://betterwaste.co.uk/restaurant-waste-management/ | E51: OPTIMISE | F51: restaurant waste removal | G51: Commercial | H51: 110 | I51: 10 | J51: 25 | K51: https://betterwaste.co.uk/restaurant-waste-management/ | L51: EASY | M51: inherited from "butchers waste collection": AS 10, 10, 24 at or below Better Waste (AS 20); 1 council/gov slots | N51: P2 | O51: Currently p25
A52: UK | B52: Waste Type | C52: Sheet gap | D52: https://betterwaste.co.uk/dry-mixed-recycling-waste/ | E52: OPTIMISE | F52: mixed recycling collection | G52: Informational | H52: 110 | I52: 21 | J52: 57 | K52: https://betterwaste.co.uk/dry-mixed-recycling-waste/ | L52: EASY | M52: inherited from "business cardboard recycling": AS 16, 18, 20 at or below Better Waste (AS 20) | N52: P3 | O52: Not in sheet. Currently p57
A53: UK | B53: Location | C53: F - Locations | D53: https://betterwaste.co.uk/areas-we-cover/bristol/ | E53: OPTIMISE | F53: commercial waste collection bristol | G53: Commercial | H53: 90 | I53: 22 | L53: EASY | M53: inherited from "commercial waste collection leeds": AS 13, 21, 21, 24, 25 at or below Better Waste (AS 20); 2 council/gov slots | N53: P2 | O53: No page exists
A54: UK | B54: Location | C54: F - Locations | D54: https://betterwaste.co.uk/areas-we-cover/nottingham/ | E54: OPTIMISE | F54: commercial waste collection nottingham | G54: Commercial | H54: 90 | I54: 16 | L54: EASY | M54: inherited from "commercial waste collection leeds": AS 13, 21, 21, 24, 25 at or below Better Waste (AS 20); 2 council/gov slots | N54: P2 | O54: No page exists
A55: UK | B55: Location | C55: F - Locations | D55: https://betterwaste.co.uk/areas-we-cover/glasgow/ | E55: CREATE | F55: commercial waste collection glasgow | G55: n/a | H55: 70 | I55: 0 | L55: EASY | M55: inherited from "commercial waste collection leeds": AS 13, 21, 21, 24, 25 at or below Better Waste (AS 20); 2 council/gov slots | N55: P2 | O55: No page exists. High commercial value
A56: UK | B56: Location | C56: F - Locations | D56: https://betterwaste.co.uk/areas-we-cover/leicester/ | E56: OPTIMISE | F56: commercial waste collection leicester | G56: n/a | H56: 50 | I56: 0 | L56: EASY | M56: inherited from "commercial waste collection leeds": AS 13, 21, 21, 24, 25 at or below Better Waste (AS 20); 2 council/gov slots | N56: P2
A57: UK | B57: Gap vs competitors | C57: G - Pest & bin hygiene | D57: https://betterwaste.co.uk/maggots-in-bins-how-to-stop-pests-in-commercial-waste/ | E57: OPTIMISE | F57: maggots wheelie bins hot weather | G57: Informational | H57: 60500 | I57: 16 | L57: MEDIUM | M57: AS 15 (lbcclean) at or below Better Waste (AS 20); mhs.org.uk AS 31, wheeliebinsolutions AS 33; 2 council slots plus Reddit/Facebook/YouTube (soft UGC results) | N57: P1 | O57: Page already exists. businesswaste.co.uk ranks p5
A58: UK | B58: Waste Type | C58: B - Missing streams | D58: https://betterwaste.co.uk/confidential-waste/ | E58: CREATE | F58: confidential waste disposal | G58: Commercial | H58: 3600 | I58: 25 | L58: MEDIUM | M58: AS 24 at or below Better Waste (AS 20) | N58: P1 | O58: No page exists
A59: UK | B59: Gap vs competitors | C59: G - Pest & bin hygiene | D59: https://betterwaste.co.uk/maggots-in-bins-how-to-stop-pests-in-commercial-waste/ | E59: OPTIMISE | F59: how to get rid of maggots | G59: Informational | H59: 2900 | I59: 32 | L59: MEDIUM | M59: inherited from "maggots wheelie bins hot weather": AS 15 (lbcclean) at or below Better Waste (AS 20); mhs.org.uk AS 31, wheeliebinsolutions AS 33; 2 council slots plus Reddit/Facebook/YouTube (soft UGC results) | N59: P1 | O59: Page already exists
A60: UK | B60: Gap vs competitors | C60: G - Pest & bin hygiene | D60: https://betterwaste.co.uk/maggots-in-bins-how-to-stop-pests-in-commercial-waste/ | E60: OPTIMISE | F60: maggots in bin | G60: Informational | H60: 2400 | I60: 15 | L60: MEDIUM | M60: inherited from "maggots wheelie bins hot weather": AS 15 (lbcclean) at or below Better Waste (AS 20); mhs.org.uk AS 31, wheeliebinsolutions AS 33; 2 council slots plus Reddit/Facebook/YouTube (soft UGC results) | N60: P1 | O60: Page already exists
A61: UK | B61: Gap vs competitors | C61: G - Pest & bin hygiene | D61: https://betterwaste.co.uk/maggots-in-bins-how-to-stop-pests-in-commercial-waste/ | E61: OPTIMISE | F61: how to get rid of maggots in bin | G61: Informational | H61: 1900 | I61: 16 | L61: MEDIUM | M61: inherited from "maggots wheelie bins hot weather": AS 15 (lbcclean) at or below Better Waste (AS 20); mhs.org.uk AS 31, wheeliebinsolutions AS 33; 2 council slots plus Reddit/Facebook/YouTube (soft UGC results) | N61: P1 | O61: Page already exists
A62: UK | B62: Gap vs competitors | C62: G - Pest & bin hygiene | D62: https://betterwaste.co.uk/maggots-in-bins-how-to-stop-pests-in-commercial-waste/ | E62: OPTIMISE | F62: how to kill maggots in bin | G62: Informational | H62: 1300 | I62: 16 | L62: MEDIUM | M62: inherited from "maggots wheelie bins hot weather": AS 15 (lbcclean) at or below Better Waste (AS 20); mhs.org.uk AS 31, wheeliebinsolutions AS 33; 2 council slots plus Reddit/Facebook/YouTube (soft UGC results) | N62: P2 | O62: Page already exists
A63: UK | B63: Gap vs competitors | C63: G - Other streams | D63: https://betterwaste.co.uk/clinical-waste-disposal-clinical-waste-collection-companies/ | E63: OPTIMISE | F63: sharps bin collection | G63: Commercial | H63: 1300 | I63: 19 | L63: MEDIUM | M63: inherited from "dental waste disposal": AS 10 at or below Better Waste (AS 20) | N63: P2 | O63: Commercial entry point to the clinical cluster; page exists
A64: UK | B64: Gap vs competitors | C64: G - Other streams | D64: https://betterwaste.co.uk/commercial-waste-collection/ | E64: OPTIMISE | F64: commercial garbage collection | G64: Commercial | H64: 1300 | I64: 27 | L64: MEDIUM | M64: inherited from "commercial rubbish removal": AS 10 at or below Better Waste (AS 20) | N64: P2 | O64: businesswaste p8, thefirstmile p5
A65: UK | B65: Waste Type | C65: B - Missing streams | D65: https://betterwaste.co.uk/industrial-waste/ | E65: CREATE | F65: industrial waste disposal | G65: Informational | H65: 720 | I65: 28 | L65: MEDIUM | M65: AS 14 (envirocraft), 18 (oatesenvironmental) at or below Better Waste (AS 20); 3 gov slots incl. hse.gov.uk | N65: P2 | O65: businesswaste p2 / wastemanaged p9
A66: UK | B66: Location | C66: F - Long tail | D66: https://betterwaste.co.uk/areas-we-cover/manchester/ | E66: FIX | F66: commercial rubbish collection near longsight manchester | G66: Informational | H66: 720 | I66: 17 | J66: 16 | K66: https://betterwaste.co.uk/areas-we-cover-old/manchester/ | L66: MEDIUM | M66: BORDERLINE: no site at AS<=25 on the shared Manchester commercial-waste SERP, but lowest is AS 27 (kennywastemanagement) vs Better Waste AS 20; only 2 council/gov slots | N66: P2 | O66: Currently p16 on the -old URL
A67: UK | B67: Service | C67: A - Core commercial | D67: https://betterwaste.co.uk/commercial-waste-collection/ | E67: OPTIMISE | F67: commercial waste removal | G67: Commercial | H67: 590 | I67: 29 | L67: MEDIUM | M67: inherited from "commercial rubbish removal": AS 10 at or below Better Waste (AS 20) | N67: P2
A68: UK | B68: Waste Type | C68: B - Missing streams | D68: https://betterwaste.co.uk/construction-waste/ | E68: CREATE | F68: construction waste disposal | G68: Commercial | H68: 590 | I68: 28 | L68: MEDIUM | M68: AS 20 (cirecoscotland) at or below Better Waste; Powerday AS 29, Bywaters AS 32, Biffa AS 46 hold the rest | N68: P3
A69: UK | B69: Informational | C69: C - Bin specs | D69: https://betterwaste.co.uk/binpedia/ | E69: OPTIMISE | F69: bin sizes | G69: Informational | H69: 590 | I69: 8 | J69: 49 | K69: https://betterwaste.co.uk/binpedia/ | L69: MEDIUM | M69: inherited from "commercial bin sizes": AS 22 at or below Better Waste (AS 20); 3 council/gov slots | N69: P1 | O69: Currently p49 - already ranking
A70: UK | B70: Location | C70: F - Long tail | D70: https://betterwaste.co.uk/areas-we-cover/birmingham/ | E70: OPTIMISE | F70: commercial rubbish collection near handsworth birmingham | G70: Informational | H70: 590 | I70: 15 | J70: 21 | K70: https://betterwaste.co.uk/areas-we-cover/birmingham/ | L70: MEDIUM | M70: BORDERLINE: no site at AS<=25 on the shared Manchester commercial-waste SERP, but lowest is AS 27 (kennywastemanagement) vs Better Waste AS 20; only 2 council/gov slots | N70: P2 | O70: Currently p21
A71: UK | B71: Location | C71: F - Long tail | D71: https://betterwaste.co.uk/areas-we-cover/manchester/ | E71: FIX | F71: commercial rubbish collection near longsight manchester city centre | G71: Informational | H71: 590 | I71: 20 | J71: 11 | K71: https://betterwaste.co.uk/areas-we-cover-old/manchester/ | L71: MEDIUM | M71: BORDERLINE: no site at AS<=25 on the shared Manchester commercial-waste SERP, but lowest is AS 27 (kennywastemanagement) vs Better Waste AS 20; only 2 council/gov slots | N71: P2 | O71: Currently p11 on the -old URL
A72: UK | B72: Sector | C72: E - New sectors | D72: https://betterwaste.co.uk/care-home-waste-management/ | E72: CREATE | F72: care home waste management | G72: Informational | H72: 480 | I72: 9 | L72: MEDIUM | M72: AS 10, 22 at or below Better Waste (AS 20) | N72: P1 | O72: wastemanaged.co.uk p10. Very low KD
A73: UK | B73: Sector | C73: E - New sectors | D73: https://betterwaste.co.uk/dental-waste-disposal/ | E73: CREATE | F73: dental waste disposal | G73: Informational | H73: 480 | I73: 13 | L73: MEDIUM | M73: AS 10 at or below Better Waste (AS 20) | N73: P1 | O73: wastemanaged.co.uk p9
A74: UK | B74: Location | C74: F - Long tail | D74: https://betterwaste.co.uk/areas-we-cover/manchester/ | E74: FIX | F74: commercial rubbish collection near manchester | G74: Commercial | H74: 480 | I74: 12 | J74: 18 | K74: https://betterwaste.co.uk/areas-we-cover-old/manchester/ | L74: MEDIUM | M74: BORDERLINE: no site at AS<=25 on the shared Manchester commercial-waste SERP, but lowest is AS 27 (kennywastemanagement) vs Better Waste AS 20; only 2 council/gov slots | N74: P2 | O74: Currently p18 on the -old URL
A75: UK | B75: Location | C75: F - Long tail | D75: https://betterwaste.co.uk/areas-we-cover/london/ | E75: OPTIMISE | F75: commercial rubbish collection near peckham london | G75: Informational | H75: 480 | I75: 23 | J75: 28 | K75: https://betterwaste.co.uk/areas-we-cover/london/ | L75: MEDIUM | M75: AS 18 (greenlineenvironmental) and 25 (envirowastemanagement) at or below Better Waste (AS 20) on the shared London commercial-waste SERP; 3 council/gov slots | N75: P3 | O75: Currently p28
A76: UK | B76: Waste Type | C76: Sheet gap | D76: https://betterwaste.co.uk/glass-waste/ | E76: OPTIMISE | F76: commercial glass collection | G76: Informational | H76: 480 | I76: 17 | J76: 30 | K76: https://betterwaste.co.uk/glass-waste/ | L76: MEDIUM | M76: AS 24 at or below Better Waste (AS 20); 3 council/gov slots | N76: P1 | O76: Not in sheet. Currently p30 - closest to top 10 of all waste-type terms
A77: UK | B77: Waste Type | C77: B - Missing streams | D77: https://betterwaste.co.uk/industrial-waste/ | E77: CREATE | F77: industrial waste collection | G77: Commercial | H77: 390 | I77: 41 | L77: MEDIUM | M77: inherited from "industrial waste disposal": AS 14 (envirocraft), 18 (oatesenvironmental) at or below Better Waste (AS 20); 3 gov slots incl. hse.gov.uk | N77: P3
A78: UK | B78: Location | C78: F - Long tail | D78: https://betterwaste.co.uk/areas-we-cover/london/ | E78: OPTIMISE | F78: commercial recycling london | G78: Commercial | H78: 390 | I78: 20 | J78: 28 | K78: https://betterwaste.co.uk/areas-we-cover/london/ | L78: MEDIUM | M78: AS 18 (greenlineenvironmental) and 25 (envirowastemanagement) at or below Better Waste (AS 20) on the shared London commercial-waste SERP; 3 council/gov slots | N78: P2 | O78: Currently p28
A79: UK | B79: Location | C79: F - Long tail | D79: https://betterwaste.co.uk/areas-we-cover/manchester/ | E79: FIX | F79: commercial rubbish collection near fallowfield manchester | G79: Informational | H79: 390 | I79: 16 | J79: 13 | K79: https://betterwaste.co.uk/areas-we-cover-old/manchester/ | L79: MEDIUM | M79: BORDERLINE: no site at AS<=25 on the shared Manchester commercial-waste SERP, but lowest is AS 27 (kennywastemanagement) vs Better Waste AS 20; only 2 council/gov slots | N79: P3 | O79: Currently p13 on the -old URL
A80: UK | B80: Location | C80: F - Long tail | D80: https://betterwaste.co.uk/areas-we-cover/birmingham/ | E80: OPTIMISE | F80: commercial dump collection service birmingham | G80: Commercial | H80: 390 | I80: 22 | J80: 27 | K80: https://betterwaste.co.uk/areas-we-cover/birmingham/ | L80: MEDIUM | M80: BORDERLINE: no site at AS<=25 on the shared Manchester commercial-waste SERP, but lowest is AS 27 (kennywastemanagement) vs Better Waste AS 20; only 2 council/gov slots | N80: P3 | O80: Currently p27
A81: UK | B81: Service | C81: A - Core commercial | D81: https://betterwaste.co.uk/commercial-waste-collection/ | E81: OPTIMISE | F81: commercial rubbish removal | G81: Commercial | H81: 320 | I81: 18 | J81: 69 | K81: https://betterwaste.co.uk/areas-we-cover/ | L81: MEDIUM | M81: AS 10 at or below Better Waste (AS 20) | N81: P1 | O81: Low KD, high commercial value
A82: UK | B82: Sector | C82: E - New sectors | D82: https://betterwaste.co.uk/hotel-waste-disposal/ | E82: OPTIMISE | F82: hotel waste management | G82: Informational | H82: 320 | I82: 16 | L82: MEDIUM | M82: inherited from "care home waste management": AS 10, 22 at or below Better Waste (AS 20) | N82: P2
A83: UK | B83: Waste Type | C83: B - Missing streams | D83: https://betterwaste.co.uk/construction-waste/ | E83: CREATE | F83: construction waste collection | G83: Commercial | H83: 260 | I83: 27 | L83: MEDIUM | M83: inherited from "construction waste disposal": AS 20 (cirecoscotland) at or below Better Waste; Powerday AS 29, Bywaters AS 32, Biffa AS 46 hold the rest | N83: P3
A84: UK | B84: Sector | C84: E - New sectors | D84: https://betterwaste.co.uk/school-waste-management/ | E84: OPTIMISE | F84: school waste management | G84: Informational | H84: 260 | I84: 10 | L84: MEDIUM | M84: AS 19 (unyfi), 20 (aegissupportservices) at or below Better Waste; hills-waste AS 26, samsic AS 28. Informational intent | N84: P2
A85: UK | B85: Location | C85: F - Locations | D85: https://betterwaste.co.uk/areas-we-cover/ | E85: OPTIMISE | F85: commercial waste collection near me | G85: Transactional | H85: 260 | I85: 25 | L85: MEDIUM | M85: BORDERLINE: no site at AS<=25 on the shared Manchester commercial-waste SERP, but lowest is AS 27 (kennywastemanagement) vs Better Waste AS 20; only 2 council/gov slots | N85: P2 | O85: Local intent
A86: UK | B86: Waste Type | C86: Sheet gap | D86: https://betterwaste.co.uk/food-waste/ | E86: OPTIMISE | F86: commercial food waste recycling | G86: Informational | H86: 260 | I86: 26 | J86: 55 | K86: https://betterwaste.co.uk/food-waste/ | L86: MEDIUM | M86: inherited from "commercial glass collection": AS 24 at or below Better Waste (AS 20); 3 council/gov slots | N86: P2 | O86: Not in sheet. Currently p55
A87: UK | B87: Informational | C87: C - Bin specs | D87: https://betterwaste.co.uk/binpedia/commercial-bin-sizes/ | E87: CREATE | F87: commercial bin sizes | G87: Informational | H87: 210 | I87: 7 | L87: MEDIUM | M87: AS 22 at or below Better Waste (AS 20); 3 council/gov slots | N87: P1 | O87: Lowest KD on the site
A88: UK | B88: Service | C88: A - Core commercial | D88: https://betterwaste.co.uk/commercial-bin-collections/ | E88: OPTIMISE | F88: commercial bin hire | G88: Commercial | H88: 170 | I88: 28 | L88: MEDIUM | M88: inherited from "commercial bin sizes": AS 22 at or below Better Waste (AS 20); 3 council/gov slots | N88: P2
A89: UK | B89: Location | C89: F - Locations | D89: https://betterwaste.co.uk/areas-we-cover/ | E89: OPTIMISE | F89: business waste collection near me | G89: Transactional | H89: 170 | I89: 31 | L89: MEDIUM | M89: BORDERLINE: no site at AS<=25 on the shared Manchester commercial-waste SERP, but lowest is AS 27 (kennywastemanagement) vs Better Waste AS 20; only 2 council/gov slots | N89: P3 | O89: Local intent
A90: UK | B90: Waste Type | C90: Sheet gap | D90: https://betterwaste.co.uk/food-waste/ | E90: OPTIMISE | F90: commercial kitchen waste management | G90: Informational | H90: 140 | I90: 11 | J90: 37 | K90: https://betterwaste.co.uk/food-waste/ | L90: MEDIUM | M90: inherited from "commercial glass collection": AS 24 at or below Better Waste (AS 20); 3 council/gov slots | N90: P2 | O90: Not in sheet. Currently p37
A91: UK | B91: Location | C91: F - Locations | D91: https://betterwaste.co.uk/areas-we-cover/sheffield/ | E91: OPTIMISE | F91: commercial waste collection sheffield | G91: Commercial | H91: 110 | I91: 15 | L91: MEDIUM | M91: AS 24 at or below Better Waste (AS 20); 2 council/gov slots | N91: P1 | O91: Highest commercial value of the city terms
A92: UK | B92: Informational | C92: C - Bin specs | D92: https://betterwaste.co.uk/binpedia/ | E92: OPTIMISE | F92: waste bin dimensions | G92: Informational | H92: 90 | I92: 5 | J92: 52 | K92: https://betterwaste.co.uk/binpedia/ | L92: MEDIUM | M92: inherited from "commercial bin sizes": AS 22 at or below Better Waste (AS 20); 3 council/gov slots | N92: P2 | O92: Currently p52
A93: UK | B93: Gap vs competitors | C93: G - Legislation & news | D93: https://betterwaste.co.uk/simpler-recycling-legislation-for-businesses-in-england-what-you-need-to-know/ | E93: OPTIMISE | F93: england bin collection rules 2026 | G93: Informational | H93: 5400 | I93: 34 | L93: HARD | M93: no site at AS<=25 (lowest AS 25, envirowastemanagement at p10); 4 council/gov slots plus BBC and Guardian | N93: P3 | O93: thefirstmile.co.uk ranks p3
A94: UK | B94: Gap vs competitors | C94: G - Legislation & news | D94: https://betterwaste.co.uk/simpler-recycling-legislation-for-businesses-in-england-what-you-need-to-know/ | E94: OPTIMISE | F94: england new recycling rules | G94: Informational | H94: 5400 | I94: 53 | L94: HARD | M94: inherited from "england bin collection rules 2026": no site at AS<=25 (lowest AS 25, envirowastemanagement at p10); 4 council/gov slots plus BBC and Guardian | N94: P3 | O94: thefirstmile.co.uk ranks p3
A95: UK | B95: Informational | C95: D - Compliance | D95: https://betterwaste.co.uk/waste-carriers-licence/ | E95: CREATE | F95: waste carriers licence | G95: Commercial | H95: 4400 | I95: 38 | L95: HARD | M95: no ranking site at AS<=25 (lowest AS 26); 6 council/gov slots | N95: P2 | O95: Link-bait. businesswaste.co.uk p7
A96: UK | B96: Service | C96: A - Core commercial | D96: https://betterwaste.co.uk/commercial-waste-collection/ | E96: OPTIMISE | F96: commercial waste collection | G96: Commercial | H96: 3600 | I96: 25 | L96: HARD | M96: no ranking site at AS<=25 (lowest AS 31); 6 council/gov slots | N96: P1 | O96: Primary target. businesswaste.co.uk ranks p5
A97: UK | B97: Service | C97: A - Core commercial | D97: https://betterwaste.co.uk/commercial-waste-collection/ | E97: OPTIMISE | F97: commercial waste disposal | G97: Informational | H97: 3600 | I97: 34 | L97: HARD | M97: no ranking site at AS<=25 (lowest AS 29); 5 council/gov slots | N97: P1 | O97: businesswaste.co.uk ranks p5
A98: UK | B98: Informational | C98: D - Compliance | D98: https://betterwaste.co.uk/extended-producer-responsibility/ | E98: CREATE | F98: extended producer responsibility | G98: Informational | H98: 3600 | I98: 46 | L98: HARD | M98: inherited from "waste carriers licence": no ranking site at AS<=25 (lowest AS 26); 6 council/gov slots | N98: P3 | O98: Highest KD in cluster
A99: UK | B99: Gap vs competitors | C99: G - Compliance | D99: https://betterwaste.co.uk/environmental-protection-act/ | E99: CREATE | F99: environmental protection act 1990 | G99: Navigational | H99: 3600 | I99: 25 | L99: HARD | M99: inherited from "waste transfer note": AS 23 at or below Better Waste (AS 20); 4 council/gov slots | N99: P3 | O99: businesswaste.co.uk ranks p2
A100: UK | B100: Service | C100: A - Core commercial | D100: https://betterwaste.co.uk/commercial-waste-collection/ | E100: OPTIMISE | F100: commercial waste management | G100: Commercial | H100: 2900 | I100: 33 | L100: HARD | M100: no ranking site at AS<=25 (lowest AS 41); 4 council/gov slots | N100: P1 | O100: Consolidate existing /commercial-waste-management/ here
...

Sheet Page Summary
A1: Page | B1: Type | C1: Page Status | D1: Page Difficulty | E1: Keywords | F1: Total SV | G1: Already Ranking | H1: Best Position (snapshot)
A2: https://betterwaste.co.uk/areas-we-cover/bristol/ | B2: Location | C2: OPTIMISE | D2: EASY | E2: =COUNTIF('Opportunities'!$D$2:$D$143,$A2) | F2: =SUMIF('Opportunities'!$D$2:$D$143,$A2,'Opportunities'!$H$2:$H$143) | G2: =COUNTIFS('Opportunities'!$D$2:$D$143,$A2,'Opportunities'!$J$2:$J$143,">0") | H2: -
A3: https://betterwaste.co.uk/areas-we-cover/glasgow/ | B3: Location | C3: CREATE | D3: EASY | E3: =COUNTIF('Opportunities'!$D$2:$D$143,$A3) | F3: =SUMIF('Opportunities'!$D$2:$D$143,$A3,'Opportunities'!$H$2:$H$143) | G3: =COUNTIFS('Opportunities'!$D$2:$D$143,$A3,'Opportunities'!$J$2:$J$143,">0") | H3: -
A4: https://betterwaste.co.uk/areas-we-cover/leeds/ | B4: Location | C4: OPTIMISE | D4: EASY | E4: =COUNTIF('Opportunities'!$D$2:$D$143,$A4) | F4: =SUMIF('Opportunities'!$D$2:$D$143,$A4,'Opportunities'!$H$2:$H$143) | G4: =COUNTIFS('Opportunities'!$D$2:$D$143,$A4,'Opportunities'!$J$2:$J$143,">0") | H4: -
A5: https://betterwaste.co.uk/areas-we-cover/leicester/ | B5: Location | C5: OPTIMISE | D5: EASY | E5: =COUNTIF('Opportunities'!$D$2:$D$143,$A5) | F5: =SUMIF('Opportunities'!$D$2:$D$143,$A5,'Opportunities'!$H$2:$H$143) | G5: =COUNTIFS('Opportunities'!$D$2:$D$143,$A5,'Opportunities'!$J$2:$J$143,">0") | H5: -
A6: https://betterwaste.co.uk/areas-we-cover/liverpool/ | B6: Location | C6: CREATE | D6: EASY | E6: =COUNTIF('Opportunities'!$D$2:$D$143,$A6) | F6: =SUMIF('Opportunities'!$D$2:$D$143,$A6,'Opportunities'!$H$2:$H$143) | G6: =COUNTIFS('Opportunities'!$D$2:$D$143,$A6,'Opportunities'!$J$2:$J$143,">0") | H6: -
A7: https://betterwaste.co.uk/areas-we-cover/nottingham/ | B7: Location | C7: OPTIMISE | D7: EASY | E7: =COUNTIF('Opportunities'!$D$2:$D$143,$A7) | F7: =SUMIF('Opportunities'!$D$2:$D$143,$A7,'Opportunities'!$H$2:$H$143) | G7: =COUNTIFS('Opportunities'!$D$2:$D$143,$A7,'Opportunities'!$J$2:$J$143,">0") | H7: -
A8: https://betterwaste.co.uk/bakery-waste-management/ | B8: Sector | C8: OPTIMISE | D8: EASY | E8: =COUNTIF('Opportunities'!$D$2:$D$143,$A8) | F8: =SUMIF('Opportunities'!$D$2:$D$143,$A8,'Opportunities'!$H$2:$H$143) | G8: =COUNTIFS('Opportunities'!$D$2:$D$143,$A8,'Opportunities'!$J$2:$J$143,">0") | H8: 25
A9: https://betterwaste.co.uk/binpedia/ | B9: Gap vs competitors | C9: OPTIMISE | D9: EASY | E9: =COUNTIF('Opportunities'!$D$2:$D$143,$A9) | F9: =SUMIF('Opportunities'!$D$2:$D$143,$A9,'Opportunities'!$H$2:$H$143) | G9: =COUNTIFS('Opportunities'!$D$2:$D$143,$A9,'Opportunities'!$J$2:$J$143,">0") | H9: 39
A10: https://betterwaste.co.uk/bins/1100l-bin/ | B10: Gap vs competitors | C10: OPTIMISE | D10: EASY | E10: =COUNTIF('Opportunities'!$D$2:$D$143,$A10) | F10: =SUMIF('Opportunities'!$D$2:$D$143,$A10,'Opportunities'!$H$2:$H$143) | G10: =COUNTIFS('Opportunities'!$D$2:$D$143,$A10,'Opportunities'!$J$2:$J$143,">0") | H10: -
A11: https://betterwaste.co.uk/bins/240l-bin/ | B11: Gap vs competitors | C11: OPTIMISE | D11: EASY | E11: =COUNTIF('Opportunities'!$D$2:$D$143,$A11) | F11: =SUMIF('Opportunities'!$D$2:$D$143,$A11,'Opportunities'!$H$2:$H$143) | G11: =COUNTIFS('Opportunities'!$D$2:$D$143,$A11,'Opportunities'!$J$2:$J$143,">0") | H11: -
A12: https://betterwaste.co.uk/bins/360l-bin/ | B12: Gap vs competitors | C12: OPTIMISE | D12: EASY | E12: =COUNTIF('Opportunities'!$D$2:$D$143,$A12) | F12: =SUMIF('Opportunities'!$D$2:$D$143,$A12,'Opportunities'!$H$2:$H$143) | G12: =COUNTIFS('Opportunities'!$D$2:$D$143,$A12,'Opportunities'!$J$2:$J$143,">0") | H12: -
A13: https://betterwaste.co.uk/bins/660l-bin/ | B13: Gap vs competitors | C13: OPTIMISE | D13: EASY | E13: =COUNTIF('Opportunities'!$D$2:$D$143,$A13) | F13: =SUMIF('Opportunities'!$D$2:$D$143,$A13,'Opportunities'!$H$2:$H$143) | G13: =COUNTIFS('Opportunities'!$D$2:$D$143,$A13,'Opportunities'!$J$2:$J$143,">0") | H13: -
A14: https://betterwaste.co.uk/butchers-waste-collection/ | B14: Sector | C14: CREATE | D14: EASY | E14: =COUNTIF('Opportunities'!$D$2:$D$143,$A14) | F14: =SUMIF('Opportunities'!$D$2:$D$143,$A14,'Opportunities'!$H$2:$H$143) | G14: =COUNTIFS('Opportunities'!$D$2:$D$143,$A14,'Opportunities'!$J$2:$J$143,">0") | H14: -
A15: https://betterwaste.co.uk/cafe-waste-management/ | B15: Sector | C15: OPTIMISE | D15: EASY | E15: =COUNTIF('Opportunities'!$D$2:$D$143,$A15) | F15: =SUMIF('Opportunities'!$D$2:$D$143,$A15,'Opportunities'!$H$2:$H$143) | G15: =COUNTIFS('Opportunities'!$D$2:$D$143,$A15,'Opportunities'!$J$2:$J$143,">0") | H15: 19
A16: https://betterwaste.co.uk/commercial-skip-hire/ | B16: Gap vs competitors | C16: CREATE | D16: EASY | E16: =COUNTIF('Opportunities'!$D$2:$D$143,$A16) | F16: =SUMIF('Opportunities'!$D$2:$D$143,$A16,'Opportunities'!$H$2:$H$143) | G16: =COUNTIFS('Opportunities'!$D$2:$D$143,$A16,'Opportunities'!$J$2:$J$143,">0") | H16: -
A17: https://betterwaste.co.uk/confidential-waste/ | B17: Gap vs competitors | C17: CREATE | D17: EASY | E17: =COUNTIF('Opportunities'!$D$2:$D$143,$A17) | F17: =SUMIF('Opportunities'!$D$2:$D$143,$A17,'Opportunities'!$H$2:$H$143) | G17: =COUNTIFS('Opportunities'!$D$2:$D$143,$A17,'Opportunities'!$J$2:$J$143,">0") | H17: -
A18: https://betterwaste.co.uk/cooking-oil-collection/ | B18: Waste Type | C18: CREATE | D18: EASY | E18: =COUNTIF('Opportunities'!$D$2:$D$143,$A18) | F18: =SUMIF('Opportunities'!$D$2:$D$143,$A18,'Opportunities'!$H$2:$H$143) | G18: =COUNTIFS('Opportunities'!$D$2:$D$143,$A18,'Opportunities'!$J$2:$J$143,">0") | H18: -
A19: https://betterwaste.co.uk/dry-mixed-recycling-waste/ | B19: Gap vs competitors | C19: OPTIMISE | D19: EASY | E19: =COUNTIF('Opportunities'!$D$2:$D$143,$A19) | F19: =SUMIF('Opportunities'!$D$2:$D$143,$A19,'Opportunities'!$H$2:$H$143) | G19: =COUNTIFS('Opportunities'!$D$2:$D$143,$A19,'Opportunities'!$J$2:$J$143,">0") | H19: 57
A20: https://betterwaste.co.uk/hair-salon-waste-management/ | B20: Sector | C20: OPTIMISE | D20: EASY | E20: =COUNTIF('Opportunities'!$D$2:$D$143,$A20) | F20: =SUMIF('Opportunities'!$D$2:$D$143,$A20,'Opportunities'!$H$2:$H$143) | G20: =COUNTIFS('Opportunities'!$D$2:$D$143,$A20,'Opportunities'!$J$2:$J$143,">0") | H20: 21
A21: https://betterwaste.co.uk/it-equipment-disposal/ | B21: Gap vs competitors | C21: CREATE | D21: EASY | E21: =COUNTIF('Opportunities'!$D$2:$D$143,$A21) | F21: =SUMIF('Opportunities'!$D$2:$D$143,$A21,'Opportunities'!$H$2:$H$143) | G21: =COUNTIFS('Opportunities'!$D$2:$D$143,$A21,'Opportunities'!$J$2:$J$143,">0") | H21: -
A22: https://betterwaste.co.uk/metal-waste/ | B22: Waste Type | C22: CREATE | D22: EASY | E22: =COUNTIF('Opportunities'!$D$2:$D$143,$A22) | F22: =SUMIF('Opportunities'!$D$2:$D$143,$A22,'Opportunities'!$H$2:$H$143) | G22: =COUNTIFS('Opportunities'!$D$2:$D$143,$A22,'Opportunities'!$J$2:$J$143,">0") | H22: -
A23: https://betterwaste.co.uk/office-waste-management/ | B23: Gap vs competitors | C23: OPTIMISE | D23: EASY | E23: =COUNTIF('Opportunities'!$D$2:$D$143,$A23) | F23: =SUMIF('Opportunities'!$D$2:$D$143,$A23,'Opportunities'!$H$2:$H$143) | G23: =COUNTIFS('Opportunities'!$D$2:$D$143,$A23,'Opportunities'!$J$2:$J$143,">0") | H23: 65
A24: https://betterwaste.co.uk/paper-and-cardboard-waste/ | B24: Gap vs competitors | C24: OPTIMISE | D24: EASY | E24: =COUNTIF('Opportunities'!$D$2:$D$143,$A24) | F24: =SUMIF('Opportunities'!$D$2:$D$143,$A24,'Opportunities'!$H$2:$H$143) | G24: =COUNTIFS('Opportunities'!$D$2:$D$143,$A24,'Opportunities'!$J$2:$J$143,">0") | H24: 36
A25: https://betterwaste.co.uk/pub-waste-management/ | B25: Sector | C25: OPTIMISE | D25: EASY | E25: =COUNTIF('Opportunities'!$D$2:$D$143,$A25) | F25: =SUMIF('Opportunities'!$D$2:$D$143,$A25,'Opportunities'!$H$2:$H$143) | G25: =COUNTIFS('Opportunities'!$D$2:$D$143,$A25,'Opportunities'!$J$2:$J$143,">0") | H25: 13
A26: https://betterwaste.co.uk/restaurant-waste-management/ | B26: Sector | C26: OPTIMISE | D26: EASY | E26: =COUNTIF('Opportunities'!$D$2:$D$143,$A26) | F26: =SUMIF('Opportunities'!$D$2:$D$143,$A26,'Opportunities'!$H$2:$H$143) | G26: =COUNTIFS('Opportunities'!$D$2:$D$143,$A26,'Opportunities'!$J$2:$J$143,">0") | H26: 25
A27: https://betterwaste.co.uk/retail-waste-management/ | B27: Sector | C27: OPTIMISE | D27: EASY | E27: =COUNTIF('Opportunities'!$D$2:$D$143,$A27) | F27: =SUMIF('Opportunities'!$D$2:$D$143,$A27,'Opportunities'!$H$2:$H$143) | G27: =COUNTIFS('Opportunities'!$D$2:$D$143,$A27,'Opportunities'!$J$2:$J$143,">0") | H27: 45
A28: https://betterwaste.co.uk/sanitary-waste/ | B28: Waste Type | C28: CREATE | D28: EASY | E28: =COUNTIF('Opportunities'!$D$2:$D$143,$A28) | F28: =SUMIF('Opportunities'!$D$2:$D$143,$A28,'Opportunities'!$H$2:$H$143) | G28: =COUNTIFS('Opportunities'!$D$2:$D$143,$A28,'Opportunities'!$J$2:$J$143,">0") | H28: -
A29: https://betterwaste.co.uk/takeaway-waste-management/ | B29: Sector | C29: OPTIMISE | D29: EASY | E29: =COUNTIF('Opportunities'!$D$2:$D$143,$A29) | F29: =SUMIF('Opportunities'!$D$2:$D$143,$A29,'Opportunities'!$H$2:$H$143) | G29: =COUNTIFS('Opportunities'!$D$2:$D$143,$A29,'Opportunities'!$J$2:$J$143,">0") | H29: 15
A30: https://betterwaste.co.uk/wood-waste/ | B30: Waste Type | C30: CREATE | D30: EASY | E30: =COUNTIF('Opportunities'!$D$2:$D$143,$A30) | F30: =SUMIF('Opportunities'!$D$2:$D$143,$A30,'Opportunities'!$H$2:$H$143) | G30: =COUNTIFS('Opportunities'!$D$2:$D$143,$A30,'Opportunities'!$J$2:$J$143,">0") | H30: -
A31: https://betterwaste.co.uk/areas-we-cover/ | B31: Location | C31: OPTIMISE | D31: MEDIUM | E31: =COUNTIF('Opportunities'!$D$2:$D$143,$A31) | F31: =SUMIF('Opportunities'!$D$2:$D$143,$A31,'Opportunities'!$H$2:$H$143) | G31: =COUNTIFS('Opportunities'!$D$2:$D$143,$A31,'Opportunities'!$J$2:$J$143,">0") | H31: -
A32: https://betterwaste.co.uk/areas-we-cover/birmingham/ | B32: Location | C32: OPTIMISE | D32: MEDIUM | E32: =COUNTIF('Opportunities'!$D$2:$D$143,$A32) | F32: =SUMIF('Opportunities'!$D$2:$D$143,$A32,'Opportunities'!$H$2:$H$143) | G32: =COUNTIFS('Opportunities'!$D$2:$D$143,$A32,'Opportunities'!$J$2:$J$143,">0") | H32: 21
A33: https://betterwaste.co.uk/areas-we-cover/london/ | B33: Location | C33: OPTIMISE | D33: MEDIUM | E33: =COUNTIF('Opportunities'!$D$2:$D$143,$A33) | F33: =SUMIF('Opportunities'!$D$2:$D$143,$A33,'Opportunities'!$H$2:$H$143) | G33: =COUNTIFS('Opportunities'!$D$2:$D$143,$A33,'Opportunities'!$J$2:$J$143,">0") | H33: 28
A34: https://betterwaste.co.uk/areas-we-cover/manchester/ | B34: Location | C34: FIX | D34: MEDIUM | E34: =COUNTIF('Opportunities'!$D$2:$D$143,$A34) | F34: =SUMIF('Opportunities'!$D$2:$D$143,$A34,'Opportunities'!$H$2:$H$143) | G34: =COUNTIFS('Opportunities'!$D$2:$D$143,$A34,'Opportunities'!$J$2:$J$143,">0") | H34: 11
A35: https://betterwaste.co.uk/areas-we-cover/sheffield/ | B35: Location | C35: OPTIMISE | D35: MEDIUM | E35: =COUNTIF('Opportunities'!$D$2:$D$143,$A35) | F35: =SUMIF('Opportunities'!$D$2:$D$143,$A35,'Opportunities'!$H$2:$H$143) | G35: =COUNTIFS('Opportunities'!$D$2:$D$143,$A35,'Opportunities'!$J$2:$J$143,">0") | H35: -
A36: https://betterwaste.co.uk/binpedia/commercial-bin-sizes/ | B36: Informational | C36: CREATE | D36: MEDIUM | E36: =COUNTIF('Opportunities'!$D$2:$D$143,$A36) | F36: =SUMIF('Opportunities'!$D$2:$D$143,$A36,'Opportunities'!$H$2:$H$143) | G36: =COUNTIFS('Opportunities'!$D$2:$D$143,$A36,'Opportunities'!$J$2:$J$143,">0") | H36: -
A37: https://betterwaste.co.uk/care-home-waste-management/ | B37: Sector | C37: CREATE | D37: MEDIUM | E37: =COUNTIF('Opportunities'!$D$2:$D$143,$A37) | F37: =SUMIF('Opportunities'!$D$2:$D$143,$A37,'Opportunities'!$H$2:$H$143) | G37: =COUNTIFS('Opportunities'!$D$2:$D$143,$A37,'Opportunities'!$J$2:$J$143,">0") | H37: -
A38: https://betterwaste.co.uk/clinical-waste-disposal-clinical-waste-collection-companies/ | B38: Gap vs competitors | C38: OPTIMISE | D38: MEDIUM | E38: =COUNTIF('Opportunities'!$D$2:$D$143,$A38) | F38: =SUMIF('Opportunities'!$D$2:$D$143,$A38,'Opportunities'!$H$2:$H$143) | G38: =COUNTIFS('Opportunities'!$D$2:$D$143,$A38,'Opportunities'!$J$2:$J$143,">0") | H38: -
A39: https://betterwaste.co.uk/commercial-bin-collections/ | B39: Service | C39: OPTIMISE | D39: MEDIUM | E39: =COUNTIF('Opportunities'!$D$2:$D$143,$A39) | F39: =SUMIF('Opportunities'!$D$2:$D$143,$A39,'Opportunities'!$H$2:$H$143) | G39: =COUNTIFS('Opportunities'!$D$2:$D$143,$A39,'Opportunities'!$J$2:$J$143,">0") | H39: 54
A40: https://betterwaste.co.uk/commercial-waste-collection/ | B40: Gap vs competitors | C40: OPTIMISE | D40: MEDIUM | E40: =COUNTIF('Opportunities'!$D$2:$D$143,$A40) | F40: =SUMIF('Opportunities'!$D$2:$D$143,$A40,'Opportunities'!$H$2:$H$143) | G40: =COUNTIFS('Opportunities'!$D$2:$D$143,$A40,'Opportunities'!$J$2:$J$143,">0") | H40: 54
A41: https://betterwaste.co.uk/construction-waste/ | B41: Waste Type | C41: CREATE | D41: MEDIUM | E41: =COUNTIF('Opportunities'!$D$2:$D$143,$A41) | F41: =SUMIF('Opportunities'!$D$2:$D$143,$A41,'Opportunities'!$H$2:$H$143) | G41: =COUNTIFS('Opportunities'!$D$2:$D$143,$A41,'Opportunities'!$J$2:$J$143,">0") | H41: -
A42: https://betterwaste.co.uk/dental-waste-disposal/ | B42: Sector | C42: CREATE | D42: MEDIUM | E42: =COUNTIF('Opportunities'!$D$2:$D$143,$A42) | F42: =SUMIF('Opportunities'!$D$2:$D$143,$A42,'Opportunities'!$H$2:$H$143) | G42: =COUNTIFS('Opportunities'!$D$2:$D$143,$A42,'Opportunities'!$J$2:$J$143,">0") | H42: -
A43: https://betterwaste.co.uk/food-waste/ | B43: Waste Type | C43: OPTIMISE | D43: MEDIUM | E43: =COUNTIF('Opportunities'!$D$2:$D$143,$A43) | F43: =SUMIF('Opportunities'!$D$2:$D$143,$A43,'Opportunities'!$H$2:$H$143) | G43: =COUNTIFS('Opportunities'!$D$2:$D$143,$A43,'Opportunities'!$J$2:$J$143,">0") | H43: 37
A44: https://betterwaste.co.uk/glass-waste/ | B44: Waste Type | C44: OPTIMISE | D44: MEDIUM | E44: =COUNTIF('Opportunities'!$D$2:$D$143,$A44) | F44: =SUMIF('Opportunities'!$D$2:$D$143,$A44,'Opportunities'!$H$2:$H$143) | G44: =COUNTIFS('Opportunities'!$D$2:$D$143,$A44,'Opportunities'!$J$2:$J$143,">0") | H44: 30
A45: https://betterwaste.co.uk/hotel-waste-disposal/ | B45: Sector | C45: OPTIMISE | D45: MEDIUM | E45: =COUNTIF('Opportunities'!$D$2:$D$143,$A45) | F45: =SUMIF('Opportunities'!$D$2:$D$143,$A45,'Opportunities'!$H$2:$H$143) | G45: =COUNTIFS('Opportunities'!$D$2:$D$143,$A45,'Opportunities'!$J$2:$J$143,">0") | H45: -
A46: https://betterwaste.co.uk/industrial-waste/ | B46: Waste Type | C46: CREATE | D46: MEDIUM | E46: =COUNTIF('Opportunities'!$D$2:$D$143,$A46) | F46: =SUMIF('Opportunities'!$D$2:$D$143,$A46,'Opportunities'!$H$2:$H$143) | G46: =COUNTIFS('Opportunities'!$D$2:$D$143,$A46,'Opportunities'!$J$2:$J$143,">0") | H46: -
A47: https://betterwaste.co.uk/maggots-in-bins-how-to-stop-pests-in-commercial-waste/ | B47: Gap vs competitors | C47: OPTIMISE | D47: MEDIUM | E47: =COUNTIF('Opportunities'!$D$2:$D$143,$A47) | F47: =SUMIF('Opportunities'!$D$2:$D$143,$A47,'Opportunities'!$H$2:$H$143) | G47: =COUNTIFS('Opportunities'!$D$2:$D$143,$A47,'Opportunities'!$J$2:$J$143,">0") | H47: -
A48: https://betterwaste.co.uk/school-waste-management/ | B48: Sector | C48: OPTIMISE | D48: MEDIUM | E48: =COUNTIF('Opportunities'!$D$2:$D$143,$A48) | F48: =SUMIF('Opportunities'!$D$2:$D$143,$A48,'Opportunities'!$H$2:$H$143) | G48: =COUNTIFS('Opportunities'!$D$2:$D$143,$A48,'Opportunities'!$J$2:$J$143,">0") | H48: -
A49: https://betterwaste.co.uk/coffee-cup-recycling/ | B49: Waste Type | C49: CREATE | D49: HARD | E49: =COUNTIF('Opportunities'!$D$2:$D$143,$A49) | F49: =SUMIF('Opportunities'!$D$2:$D$143,$A49,'Opportunities'!$H$2:$H$143) | G49: =COUNTIFS('Opportunities'!$D$2:$D$143,$A49,'Opportunities'!$J$2:$J$143,">0") | H49: -
A50: https://betterwaste.co.uk/environmental-protection-act/ | B50: Gap vs competitors | C50: CREATE | D50: HARD | E50: =COUNTIF('Opportunities'!$D$2:$D$143,$A50) | F50: =SUMIF('Opportunities'!$D$2:$D$143,$A50,'Opportunities'!$H$2:$H$143) | G50: =COUNTIFS('Opportunities'!$D$2:$D$143,$A50,'Opportunities'!$J$2:$J$143,">0") | H50: -
A51: https://betterwaste.co.uk/extended-producer-responsibility/ | B51: Informational | C51: CREATE | D51: HARD | E51: =COUNTIF('Opportunities'!$D$2:$D$143,$A51) | F51: =SUMIF('Opportunities'!$D$2:$D$143,$A51,'Opportunities'!$H$2:$H$143) | G51: =COUNTIFS('Opportunities'!$D$2:$D$143,$A51,'Opportunities'!$J$2:$J$143,">0") | H51: -
A52: https://betterwaste.co.uk/simpler-recycling-legislation-for-businesses-in-england-what-you-need-to-know/ | B52: Gap vs competitors | C52: OPTIMISE | D52: HARD | E52: =COUNTIF('Opportunities'!$D$2:$D$143,$A52) | F52: =SUMIF('Opportunities'!$D$2:$D$143,$A52,'Opportunities'!$H$2:$H$143) | G52: =COUNTIFS('Opportunities'!$D$2:$D$143,$A52,'Opportunities'!$J$2:$J$143,">0") | H52: 14
A53: https://betterwaste.co.uk/waste-carriers-licence/ | B53: Informational | C53: CREATE | D53: HARD | E53: =COUNTIF('Opportunities'!$D$2:$D$143,$A53) | F53: =SUMIF('Opportunities'!$D$2:$D$143,$A53,'Opportunities'!$H$2:$H$143) | G53: =COUNTIFS('Opportunities'!$D$2:$D$143,$A53,'Opportunities'!$J$2:$J$143,">0") | H53: -
A54: https://betterwaste.co.uk/waste-transfer-note/ | B54: Informational | C54: CREATE | D54: HARD | E54: =COUNTIF('Opportunities'!$D$2:$D$143,$A54) | F54: =SUMIF('Opportunities'!$D$2:$D$143,$A54,'Opportunities'!$H$2:$H$143) | G54: =COUNTIFS('Opportunities'!$D$2:$D$143,$A54,'Opportunities'!$J$2:$J$143,">0") | H54: -
A55: https://betterwaste.co.uk/weee-recycling/ | B55: Gap vs competitors | C55: CREATE | D55: HARD | E55: =COUNTIF('Opportunities'!$D$2:$D$143,$A55) | F55: =SUMIF('Opportunities'!$D$2:$D$143,$A55,'Opportunities'!$H$2:$H$143) | G55: =COUNTIFS('Opportunities'!$D$2:$D$143,$A55,'Opportunities'!$J$2:$J$143,">0") | H55: -
A56: https://betterwaste.co.uk/bins/fel-container/ | B56: Informational | C56: OPTIMISE | D56: AVOID | E56: =COUNTIF('Opportunities'!$D$2:$D$143,$A56) | F56: =SUMIF('Opportunities'!$D$2:$D$143,$A56,'Opportunities'!$H$2:$H$143) | G56: =COUNTIFS('Opportunities'!$D$2:$D$143,$A56,'Opportunities'!$J$2:$J$143,">0") | H56: -
A57: https://betterwaste.co.uk/hazardous-waste/ | B57: Waste Type | C57: CREATE | D57: AVOID | E57: =COUNTIF('Opportunities'!$D$2:$D$143,$A57) | F57: =SUMIF('Opportunities'!$D$2:$D$143,$A57,'Opportunities'!$H$2:$H$143) | G57: =COUNTIFS('Opportunities'!$D$2:$D$143,$A57,'Opportunities'!$J$2:$J$143,">0") | H57: -
A58: n/a | B58: Waste Type | C58: EXCLUDE | D58: AVOID | E58: =COUNTIF('Opportunities'!$D$2:$D$143,$A58) | F58: =SUMIF('Opportunities'!$D$2:$D$143,$A58,'Opportunities'!$H$2:$H$143) | G58: =COUNTIFS('Opportunities'!$D$2:$D$143,$A58,'Opportunities'!$J$2:$J$143,">0") | H58: -
A60: TOTAL | E60: =SUM(E2:E58) | F60: =SUM(F2:F58) | G60: =SUM(G2:G58)

Sheet Fix List
A1: Priority | B1: Type | C1: Issue | D1: Evidence | E1: Impact | F1: Action
A2: P1 | B2: Redirect | C2: Manchester/London/Birmingham city pages: the "new" URLs 301 while the "-old" URLs serve 200 | D2: Crawl index: /areas-we-cover-old/manchester|london|birmingham/ all return 200; /areas-we-cover/manchester|london|birmingham/ all return 301. The -old pages hold the rankings because they are the only ones resolving | E2: ~3,000 SV of Manchester terms sitting on a deprecated URL | F2: VERIFY FIRST where the three 301s point, then either rename the -old URLs as canonical or fix the redirect. Do NOT blindly 301 old->new: that risks a loop
A3: P1 | B3: Canonicalisation | C3: www and non-www both indexed | D3: Ahrefs returns both betterwaste.co.uk/polystyrene-and-recycling/ and www.betterwaste.co.uk/polystyrene-and-recycling as separate ranking URLs; same for /business-waste-collections | E3: Link equity and ranking signals split across two hostnames | F3: Enforce one hostname via 301 + canonical + GSC property
A4: P1 | B4: Cannibalisation | C4: Two pages competing for the core money term | D4: business waste collection (2400 SV) ranks with /business-waste-collections/ at p26 AND /commercial-waste-management/ at p34 | E4: Neither page reaches top 20 | F4: Consolidate into one canonical money page; 301 the other
A5: P1 | B5: Content refresh | C5: Simpler Recycling page stuck just outside top 10 | D5: simpler recycling (1000 SV / KD 22) at p14 on /simpler-recycling-legislation-for-businesses-in-england-what-you-need-to-know/ | E5: Cheapest available win on the site | F5: Refresh content + internal links; target top 10
A6: P1 | B6: Sheet mapping | C6: Glass keywords mapped to the wrong page block | D6: Sheet rows 43-51 (glass waste terms) sit inside the /food-waste/ block; a live /glass-waste/ page already ranks p30-38 for them | E6: Mapping sheet misdirects the work | F6: Re-map all glass terms to /glass-waste/
A7: P2 | B7: Page mapping | C7: Location hub ranking for national service terms | D7: /areas-we-cover/ ranks for business refuse collection p5 (590 SV) + waste collection for business p59 + commercial waste services p54 + industrial waste collection p83 + waste disposal companies p63 | E7: Wrong page type for commercial head terms; caps conversion | F7: Build the national /commercial-waste-collection/ page and de-optimise the hub
A8: P2 | B8: Cannibalisation | C8: Blog post and service page competing | D8: commercial waste management companies ranks with the top-10 blog at p7 AND /business-waste-collections/ at p90 | E8: Service page suppressed by the blog | F8: Differentiate intent; internal-link blog to the service page
A9: P2 | B9: Internal linking | C9: Strongest page not passing equity to money pages | D9: /top-10-commercial-waste-management-companies-in-the-uk/ ranks 4-8 for ~20 head terms and is the site's top organic asset but is a competitor listicle | E9: Highest-authority page sends no equity to commercial pages, and names competitors to in-market users | F9: Add prominent internal links to the new commercial waste page
A10: P2 | B10: Duplicate ranking | C10: Several keywords returning two URLs from the same site | D10: business waste birmingham p19 and p26; commercial waste clearance birmingham p40 and p41; expanded polystyrene recycling p65 and p66; waste management companies london p29 and p32; zero waste to landfill p54 and p60; aluminium recycling p18 and p24 | E10: Diluted signals across near-duplicate pages | F10: Audit for duplicate/paginated variants and consolidate
A11: P3 | B11: Data hygiene | C11: Sheet volumes materially out of date vs Semrush | D11: dry mixed recycling bins listed 320, Semrush 1000; commercial cardboard waste listed 110, Semrush 480; commercial food waste disposal listed 210, Semrush 480 | E11: Prioritisation in the sheet is based on stale volumes | F11: Refresh all SV in the mapping sheet from Semrush UK
A12: P1 | B12: Cannibalisation | C12: Four live pages target overlapping commercial head terms | D12: /commercial-waste-collection/, /commercial-waste-management/, /business-waste-collections/ and /trade-waste-collections/ all return 200 and all target Cluster A terms | E12: Head terms split across four pages; none ranks | F12: Pick one canonical money page, 301 or de-optimise the other three
... A16: P3 | B16: Lost pages | C16: Four former pages now 404 and may hold links | D16: /better-waste-solutions-birmingham/, /better-waste-solutions-london/, /better-waste-solutions-manchester/, /business-waste-management-yorkshire/ | E16: Any inbound links are being wasted | F16: Check referring domains for each; 301 the ones with links to the relevant city or service page

Sheet Page Inventory
A1: URL | B1: HTTP | C1: Status | D1: Note
A2: EXISTS — I had scored these as CREATE
A3: /commercial-waste-collection/ | B3: 200 | C3: Exists | D3: The page the whole plan was built around. Optimisation, not a build
A4: /commercial-bin-collections/ | B4: 200 | C4: Exists | D4: I proposed /commercial-bins/
A5: /commercial-food-waste-collections/ | B5: 200 | C5: Exists
A6: /trade-waste-collections/ | B6: 200 | C6: Exists
A7: /office-waste-management/ | B7: 200 | C7: Exists
A8: /retail-waste-management/ | B8: 200 | C8: Exists
A9: /school-waste-management/ | B9: 200 | C9: Exists
A10: /hotel-waste-disposal/ | B10: 200 | C10: Exists | D10: I proposed /hotel-waste-management/
A11: /healthcare-waste/ | B11: 200 | C11: Exists | D11: Duplicates the clinical waste page
A12: /clinical-waste-disposal-clinical-waste-collection-companies/ | B12: 200 | C12: Exists | D12: AVOID-grade keywords. Re-point at commercial entry terms
A13: /bins/1100l-bin/ · 660l · 240l · 360l · fel · rel · roro | B13: 200 | C13: Exist (7) | D13: AVOID-grade retail intent. Keep as spec pages, drop the ranking target
A14: /areas-we-cover/ bradford · bristol · coventry · leeds · leicester · northampton · nottingham · sheffield | B14: 200 | C14: Exist (8) | D14: Eight city pages, none in the existing tracker
A16: REDIRECTING — verify before acting
A17: /areas-we-cover/manchester/ | B17: 301 | C17: Redirects | D17: The "-old" equivalent returns 200 and holds the rankings
A18: /areas-we-cover/london/ | B18: 301 | C18: Redirects | D18: Same
A19: /areas-we-cover/birmingham/ | B19: 301 | C19: Redirects | D19: Same
A20: /areas-we-cover-old/manchester/ · london · birmingham | B20: 200 | C20: Live | D20: These are the pages actually resolving and ranking
A22: GENUINELY MISSING — real build work
A23: /confidential-waste/ | B23: — | C23: Missing | D23: EASY · 5,600 SV
A24: /sanitary-waste/ | B24: — | C24: Missing | D24: EASY · 2,600 SV
A25: /industrial-waste/ | B25: — | C25: Missing | D25: MEDIUM · 1,110 SV
A26: /construction-waste/ | B26: — | C26: Missing | D26: MEDIUM · 850 SV
A27: /care-home-waste-management/ | B27: — | C27: Missing | D27: MEDIUM · 480 SV
A28: /dental-waste-disposal/ | B28: — | C28: Missing | D28: MEDIUM · 480 SV
A29: /it-equipment-disposal/ | B29: — | C29: Missing | D29: EASY · 2,490 SV — split out of the WEEE page, which is mostly AVOID/HARD
A30: /commercial-skip-hire/ | B30: — | C30: Missing | D30: EASY · 8,120 SV — check service fit first
A31: /wood-waste/ | B31: — | C31: Missing | D31: EASY · 390 SV
A32: /cooking-oil-collection/ | B32: — | C32: Missing | D32: EASY · 320 SV
A33: /butchers-waste-collection/ | B33: — | C33: Missing | D33: EASY · 260 SV
A34: /metal-waste/ | B34: — | C34: Missing | D34: EASY · 260 SV — check service model first
... A36: /areas-we-cover/glasgow/ | B36: — | C36: Missing | D36: EASY · 70 SV
A38: INDEX BLOAT — live 200s that should not be indexable
A39: /222-2/ · /test-2/ · /home/ · /thank-you/ · /thank-you-2/ · /trial-form/ · /demos/ | B39: 200 | C39: Live | D39: Remove or noindex
A40: /quote2-old/ · /quote-commercial-waste-old/ · /quote-waste-services-old/ | B40: 200 | C40: Live | D40: Superseded quote forms
A41: /quote2/?slink= (six parameter variants) | B41: 200 | C41: Live | D41: Add parameter handling
A42: /about · /binpedia · /contact-us · /blog · /faqs · /how-to-be-green | B42: 200 | C42: Live | D42: Also resolve with a trailing slash — pick one convention
A44: 404 — former pages that may hold links
A45: /better-waste-solutions-birmingham/ · -london/ · -manchester/ | B45: 404 | C45: Gone | D45: Check referring domains, then 301 to the city pages
A46: /business-waste-management-yorkshire/ | B46: 404 | C46: Gone | D46: Check referring domains
